<?xml version="1.0" encoding="UTF-8" standalone="yes"?>
<a:clrScheme xmlns:a="http://schemas.openxmlformats.org/drawingml/2006/main" name="Forest Bath"><a:dk1><a:sysClr val="windowText" lastClr="000000"/></a:dk1><a:lt1><a:sysClr val="window" lastClr="FFFFFF"/></a:lt1><a:dk2><a:srgbClr val="244164"/></a:dk2><a:lt2><a:srgbClr val="F7F7F7"/></a:lt2><a:accent1><a:srgbClr val="335B8E"/></a:accent1><a:accent2><a:srgbClr val="6CA18F"/></a:accent2><a:accent3><a:srgbClr val="B5B867"/></a:accent3><a:accent4><a:srgbClr val="CC5234"/></a:accent4><a:accent5><a:srgbClr val="D9812C"/></a:accent5><a:accent6><a:srgbClr val="948D79"/></a:accent6><a:hlink><a:srgbClr val="0563C1"/></a:hlink><a:folHlink><a:srgbClr val="954F72"/></a:folHlink></a:clrScheme>