<?xml version="1.0" encoding="UTF-8" standalone="yes"?>
<a:clrScheme xmlns:a="http://schemas.openxmlformats.org/drawingml/2006/main" name="ICPI-like v2"><a:dk1><a:sysClr val="windowText" lastClr="000000"/></a:dk1><a:lt1><a:sysClr val="window" lastClr="FFFFFF"/></a:lt1><a:dk2><a:srgbClr val="15416D"/></a:dk2><a:lt2><a:srgbClr val="F7F7F7"/></a:lt2><a:accent1><a:srgbClr val="2166AC"/></a:accent1><a:accent2><a:srgbClr val="67A9CF"/></a:accent2><a:accent3><a:srgbClr val="89CBC9"/></a:accent3><a:accent4><a:srgbClr val="B2182B"/></a:accent4><a:accent5><a:srgbClr val="EF8A62"/></a:accent5><a:accent6><a:srgbClr val="5E5F69"/></a:accent6><a:hlink><a:srgbClr val="0563C1"/></a:hlink><a:folHlink><a:srgbClr val="954F72"/></a:folHlink></a:clrScheme>