<?xml version="1.0" encoding="UTF-8" standalone="yes"?>
<a:clrScheme xmlns:a="http://schemas.openxmlformats.org/drawingml/2006/main" name="By the Powers of Greyscale"><a:dk1><a:sysClr val="windowText" lastClr="000000"/></a:dk1><a:lt1><a:sysClr val="window" lastClr="FFFFFF"/></a:lt1><a:dk2><a:srgbClr val="000000"/></a:dk2><a:lt2><a:srgbClr val="F8F8F8"/></a:lt2><a:accent1><a:srgbClr val="DDDDDD"/></a:accent1><a:accent2><a:srgbClr val="B2B2B2"/></a:accent2><a:accent3><a:srgbClr val="969696"/></a:accent3><a:accent4><a:srgbClr val="808080"/></a:accent4><a:accent5><a:srgbClr val="5F5F5F"/></a:accent5><a:accent6><a:srgbClr val="4D4D4D"/></a:accent6><a:hlink><a:srgbClr val="5F5F5F"/></a:hlink><a:folHlink><a:srgbClr val="919191"/></a:folHlink></a:clrScheme>